rule_id,trigger_pattern,candidate_set,select_target_if,reject_target_if,priority,example_pass,example_fail,active
R001,10th practice address location,groupPracticeLocationAddressLine1|acceptingMaximumPatientAge,practitioner roster context; address/phone maps to group practice location,billing/contractee context only,90,10TH PRACTICE ADDRESS LOCATION -> groupPracticeLocationAddressLine1,10TH PRACTICE ADDRESS LOCATION -> acceptingMaximumPatientAge,true
R002,dc exp date,stateLicenseExpirationDate|cliaCertificateExpirationDate,header context aligns with stateLicenseExpirationDate semantics,header context aligns with cliaCertificateExpirationDate semantics,89,DC EXP DATE -> stateLicenseExpirationDate,DC EXP DATE -> cliaCertificateExpirationDate,true
R003,zip code.1,groupPracticeLocationZip|groupBillingLocationZipcode,billing keyword present in header,no billing keyword; defaults to practice location,88,ZIP CODE.1 -> groupPracticeLocationZip,ZIP CODE.1 -> groupBillingLocationZipcode,true
R004,phone,groupPracticeLocationPhone|credentialingContactPhone,header context aligns with groupPracticeLocationPhone semantics,header context aligns with credentialingContactPhone semantics,87,PHONE # -> groupPracticeLocationPhone,PHONE # -> credentialingContactPhone,true
R005,dc license,stateLicenseNumber|providerLicenseState,header context aligns with stateLicenseNumber semantics,header context aligns with providerLicenseState semantics,86,DC LICENSE -> stateLicenseNumber,DC LICENSE -> providerLicenseState,true
R006,fed dea dc,practitionerDea|groupDea,header context aligns with practitionerDea semantics,header context aligns with groupDea semantics,85,FED DEA DC -> practitionerDea,FED DEA DC -> groupDea,true
R007,fed dea dc exp,practitionerDeaExpirationDate|groupDea,header context aligns with practitionerDeaExpirationDate semantics,header context aligns with groupDea semantics,84,FED DEA DC EXP -> practitionerDeaExpirationDate,FED DEA DC EXP -> groupDea,true
R008,group name,groupName|groupPracticeName,header context aligns with groupName semantics,header context aligns with groupPracticeName semantics,83,Group Name -> groupName,Group Name -> groupPracticeName,true
R009,dc cds exp date,practitionerControlledSubstanceExpirationDate|cliaCertificateExpirationDate,header context aligns with practitionerControlledSubstanceExpirationDate semantics,header context aligns with cliaCertificateExpirationDate semantics,82,DC CDS EXP DATE -> practitionerControlledSubstanceExpirationDate,DC CDS EXP DATE -> cliaCertificateExpirationDate,true
R010,dc cds,practitionerControlledSubstanceNumber|practitionerControlledSubstanceNumberExempt,exempt/exception keyword present,no exempt keyword in header,81,DC CDS -> practitionerControlledSubstanceNumber,DC CDS -> practitionerControlledSubstanceNumberExempt,true
R011,appt date,initialCredentialingDate|cliaCertificateExpirationDate,header context aligns with initialCredentialingDate semantics,header context aligns with cliaCertificateExpirationDate semantics,80,Appt Date -> initialCredentialingDate,Appt Date -> cliaCertificateExpirationDate,true
R012,hospital affiliation,practitionerPrimaryHospitalAffiliation|credentialingAffiliation,header context aligns with practitionerPrimaryHospitalAffiliation semantics,header context aligns with credentialingAffiliation semantics,79,HOSPITAL AFFILIATION -> practitionerPrimaryHospitalAffiliation,HOSPITAL AFFILIATION -> credentialingAffiliation,true
R013,individual npi,practitionerNpi|facilityNpi,header context aligns with practitionerNpi semantics,header context aligns with facilityNpi semantics,78,INDIVIDUAL NPI -> practitionerNpi,INDIVIDUAL NPI -> facilityNpi,true
R014,degree,providerType|educationDegree,header context aligns with providerType semantics,header context aligns with educationDegree semantics,77,DEGREE -> providerType,DEGREE -> educationDegree,true
R015,graduation date,educationToDate|cliaCertificateExpirationDate,header context aligns with educationToDate semantics,header context aligns with cliaCertificateExpirationDate semantics,76,GRADUATION DATE -> educationToDate,GRADUATION DATE -> cliaCertificateExpirationDate,true
R016,internship institution,internshipSchoolName|educationSchoolName,header context aligns with internshipSchoolName semantics,header context aligns with educationSchoolName semantics,75,INTERNSHIP INSTITUTION -> internshipSchoolName,INTERNSHIP INSTITUTION -> educationSchoolName,true
R017,taxonomy,practitionerPrimaryTaxonomy|groupSpecialtyTaxonomy,header context aligns with practitionerPrimaryTaxonomy semantics,header context aligns with groupSpecialtyTaxonomy semantics,74,TAXONOMY -> practitionerPrimaryTaxonomy,TAXONOMY -> groupSpecialtyTaxonomy,true
R018,board certification.1,practitionerPrimaryHospitalAffiliation|practitionerPrimarySpecialtyBoardCertificationExpirationDate,header context aligns with practitionerPrimaryHospitalAffiliation semantics,header context aligns with practitionerPrimarySpecialtyBoardCertificationExpirationDate semantics,73,BOARD CERTIFICATION.1 -> practitionerPrimaryHospitalAffiliation,BOARD CERTIFICATION.1 -> practitionerPrimarySpecialtyBoardCertificationExpirationDate,true
R019,address,groupPracticeLocationAddressLine1|billingGroupName,practitioner roster context; address/phone maps to group practice location,billing/contractee context only,72,ADDRESS -> groupPracticeLocationAddressLine1,ADDRESS -> billingGroupName,true
R020,address city,groupPracticeLocationCity|billingGroupName,practitioner roster context; address/phone maps to group practice location,billing/contractee context only,71,ADDRESS CITY -> groupPracticeLocationCity,ADDRESS CITY -> billingGroupName,true
R021,address county,groupPracticeLocationCounty|billingGroupName,practitioner roster context; address/phone maps to group practice location,billing/contractee context only,70,ADDRESS COUNTY -> groupPracticeLocationCounty,ADDRESS COUNTY -> billingGroupName,true
R022,address state,groupPracticeLocationState|billingGroupName,practitioner roster context; address/phone maps to group practice location,billing/contractee context only,69,ADDRESS STATE -> groupPracticeLocationState,ADDRESS STATE -> billingGroupName,true
R023,address type,groupPractitionerLocationType|billingGroupName,practitioner roster context; address/phone maps to group practice location,billing/contractee context only,68,ADDRESS TYPE -> groupPractitionerLocationType,ADDRESS TYPE -> billingGroupName,true
R024,address zip,groupPracticeLocationZip|billingGroupName,practitioner roster context; address/phone maps to group practice location,billing/contractee context only,67,ADDRESS ZIP -> groupPracticeLocationZip,ADDRESS ZIP -> billingGroupName,true
R025,address2,groupPracticeLocationAddressLine2|groupBillingAddress2,practitioner roster context; address/phone maps to group practice location,billing/contractee context only,66,ADDRESS2 -> groupPracticeLocationAddressLine2,ADDRESS2 -> groupBillingAddress2,true
R026,billing npi number,groupNpi|billingGroupName,billing keyword present in header,no billing keyword; defaults to practice location,65,BILLING NPI NUMBER -> groupNpi,BILLING NPI NUMBER -> billingGroupName,true
R027,fax number,groupPracticeLocationFax|contracteeLocationFaxNumber,practitioner roster context; address/phone maps to group practice location,billing/contractee context only,64,FAX NUMBER -> groupPracticeLocationFax,FAX NUMBER -> contracteeLocationFaxNumber,true
R028,fellowship completion date,fellowshipToDate|fellowshipFromDate,completion/end/to semantics in header,start/from/begin semantics,63,FELLOWSHIP COMPLETION DATE -> fellowshipToDate,FELLOWSHIP COMPLETION DATE -> fellowshipFromDate,true
R029,fellowship institution,fellowshipSchoolName|educationSchoolName,header context aligns with fellowshipSchoolName semantics,header context aligns with educationSchoolName semantics,62,FELLOWSHIP INSTITUTION -> fellowshipSchoolName,FELLOWSHIP INSTITUTION -> educationSchoolName,true
R030,first name,firstName|credentialingContactFirstName,header context aligns with firstName semantics,header context aligns with credentialingContactFirstName semantics,61,FIRST NAME -> firstName,FIRST NAME -> credentialingContactFirstName,true
R031,internship completion date,internshipToDate|internshipFromDate,completion/end/to semantics in header,start/from/begin semantics,60,INTERNSHIP COMPLETION DATE -> internshipToDate,INTERNSHIP COMPLETION DATE -> internshipFromDate,true
R032,last name,lastName|credentialingContactLastName,header context aligns with lastName semantics,header context aligns with credentialingContactLastName semantics,59,LAST NAME -> lastName,LAST NAME -> credentialingContactLastName,true
R033,malpractice insurance carrier,practitionerMalpracticeCarrierName|practitionerMalpracticeAggregateCoverageAmount,header context aligns with practitionerMalpracticeCarrierName semantics,header context aligns with practitionerMalpracticeAggregateCoverageAmount semantics,58,Malpractice Insurance Carrier -> practitionerMalpracticeCarrierName,Malpractice Insurance Carrier -> practitionerMalpracticeAggregateCoverageAmount,true
R034,malpractice insurance expiration,practitionerMalpracticeExpiryDate|practitionerMalpracticeAggregateCoverageAmount,header context aligns with practitionerMalpracticeExpiryDate semantics,header context aligns with practitionerMalpracticeAggregateCoverageAmount semantics,57,Malpractice Insurance Expiration -> practitionerMalpracticeExpiryDate,Malpractice Insurance Expiration -> practitionerMalpracticeAggregateCoverageAmount,true
R035,medical graduate professional school,educationSchoolName|title,header context aligns with educationSchoolName semantics,header context aligns with title semantics,56,MEDICAL GRADUATE PROFESSIONAL SCHOOL -> educationSchoolName,MEDICAL GRADUATE PROFESSIONAL SCHOOL -> title,true
R036,pcp accepting patients yes or no,acceptsNewPatients|acceptingMaximumPatientAge,header context aligns with acceptsNewPatients semantics,header context aligns with acceptingMaximumPatientAge semantics,55,PCP ACCEPTING PATIENTS (YES or NO) -> acceptsNewPatients,PCP ACCEPTING PATIENTS (YES or NO) -> acceptingMaximumPatientAge,true
R037,pcp status,practitionerRole|contractStatus,header context aligns with practitionerRole semantics,header context aligns with contractStatus semantics,54,PCP STATUS -> practitionerRole,PCP STATUS -> contractStatus,true
R038,phone,groupPracticeLocationPhone|contracteeLocationFaxNumber,practitioner roster context; address/phone maps to group practice location,billing/contractee context only,53,PHONE -> groupPracticeLocationPhone,PHONE -> contracteeLocationFaxNumber,true
R039,primary board,practitionerPrimarySpecialtyBoardCertificationName|groupPracticeLocationPrimaryPracticeLimitation,header context aligns with practitionerPrimarySpecialtyBoardCertificationName semantics,header context aligns with groupPracticeLocationPrimaryPracticeLimitation semantics,52,PRIMARY BOARD -> practitionerPrimarySpecialtyBoardCertificationName,PRIMARY BOARD -> groupPracticeLocationPrimaryPracticeLimitation,true
R040,primary board date cert,practitionerPrimarySpecialtyBoardCertificationIssueDate|groupPracticeLocationPrimaryPracticeLimitation,header context aligns with practitionerPrimarySpecialtyBoardCertificationIssueDate semantics,header context aligns with groupPracticeLocationPrimaryPracticeLimitation semantics,51,PRIMARY BOARD DATE CERT -> practitionerPrimarySpecialtyBoardCertificationIssueDate,PRIMARY BOARD DATE CERT -> groupPracticeLocationPrimaryPracticeLimitation,true
R041,primary board exp date,practitionerPrimarySpecialtyBoardCertificationExpirationDate|groupPracticeLocationPrimaryPracticeLimitation,header context aligns with practitionerPrimarySpecialtyBoardCertificationExpirationDate semantics,header context aligns with groupPracticeLocationPrimaryPracticeLimitation semantics,50,PRIMARY BOARD EXP DATE -> practitionerPrimarySpecialtyBoardCertificationExpirationDate,PRIMARY BOARD EXP DATE -> groupPracticeLocationPrimaryPracticeLimitation,true
R042,residency completion date,residencyToDate|residencyFromDate,completion/end/to semantics in header,start/from/begin semantics,50,RESIDENCY COMPLETION DATE -> residencyToDate,RESIDENCY COMPLETION DATE -> residencyFromDate,true
R043,residency institution,residencySchoolName|educationSchoolName,header context aligns with residencySchoolName semantics,header context aligns with educationSchoolName semantics,50,RESIDENCY INSTITUTION -> residencySchoolName,RESIDENCY INSTITUTION -> educationSchoolName,true
R044,specialty,udfHealthPlanSpecialty|fellowshipSpecialty,header context aligns with udfHealthPlanSpecialty semantics,header context aligns with fellowshipSpecialty semantics,50,SPECIALTY -> udfHealthPlanSpecialty,SPECIALTY -> fellowshipSpecialty,true
R045,specialty board certification status,practitionerPrimarySpecialtyBoardCertified|epsdtDate,header context aligns with practitionerPrimarySpecialtyBoardCertified semantics,header context aligns with epsdtDate semantics,50,SPECIALTY BOARD CERTIFICATION STATUS -> practitionerPrimarySpecialtyBoardCertified,SPECIALTY BOARD CERTIFICATION STATUS -> epsdtDate,true
R046,tax id number,groupTin|bedCount,header context aligns with groupTin semantics,header context aligns with bedCount semantics,50,TAX ID NUMBER -> groupTin,TAX ID NUMBER -> bedCount,true
R047,billing address,groupBillingAddress1|billingGroupName,billing keyword present in header,no billing keyword; defaults to practice location,50,BILLING ADDRESS -> groupBillingAddress1,BILLING ADDRESS -> billingGroupName,true
R048,billing phone,groupBillingLocationPhone|billingGroupName,billing keyword present in header,no billing keyword; defaults to practice location,50,BILLING PHONE # -> groupBillingLocationPhone,BILLING PHONE # -> billingGroupName,true
R049,fax,groupPracticeLocationFax|credentialingContactFax,header context aligns with groupPracticeLocationFax semantics,header context aligns with credentialingContactFax semantics,50,FAX # -> groupPracticeLocationFax,FAX # -> credentialingContactFax,true
R050,print in directory,includePractitionerLocationInDirectory|includeGroupInDirectory,practitioner roster context; address/phone maps to group practice location,billing/contractee context only,50,Print in Directory -> includePractitionerLocationInDirectory,Print in Directory -> includeGroupInDirectory,true
R051,state medical  license held,stateLicenseIssuingState|providerLicenseState,header context aligns with stateLicenseIssuingState semantics,header context aligns with providerLicenseState semantics,50,State Medical  License Held -> stateLicenseIssuingState,State Medical  License Held -> providerLicenseState,true
R052,age limits,acceptingMinimumPatientAge|acceptingMaximumPatientAge,practitioner roster context; address/phone maps to group practice location,billing/contractee context only,50,AGE LIMITS -> acceptingMinimumPatientAge,AGE LIMITS -> acceptingMaximumPatientAge,true
R053,appointment status,practitionerPrimaryHospitalAffiliationStatus|groupPracticeLocationAppointmentPhone,practitioner roster context; address/phone maps to group practice location,billing/contractee context only,50,APPOINTMENT STATUS -> practitionerPrimaryHospitalAffiliationStatus,APPOINTMENT STATUS -> groupPracticeLocationAppointmentPhone,true
R054,board certification,practitionerPrimaryHospitalAffiliation|epsdtDate,header context aligns with practitionerPrimaryHospitalAffiliation semantics,header context aligns with epsdtDate semantics,50,BOARD CERTIFICATION -> practitionerPrimaryHospitalAffiliation,BOARD CERTIFICATION -> epsdtDate,true
R055,cds,practitionerControlledSubstanceNumber|ssn,header context aligns with practitionerControlledSubstanceNumber semantics,header context aligns with ssn semantics,50,CDS # -> practitionerControlledSubstanceNumber,CDS # -> ssn,true
R056,city,groupPracticeLocationCity|groupBillingCity,billing keyword present in header,no billing keyword; defaults to practice location,50,CITY -> groupPracticeLocationCity,CITY -> groupBillingCity,true
R057,date certified,initialCredentialingDate|practitionerPrimarySpecialtyBoardCertified,header context aligns with initialCredentialingDate semantics,header context aligns with practitionerPrimarySpecialtyBoardCertified semantics,50,Date Certified -> initialCredentialingDate,Date Certified -> practitionerPrimarySpecialtyBoardCertified,true
R058,dea,practitionerDea|ssn,header context aligns with practitionerDea semantics,header context aligns with ssn semantics,50,DEA # -> practitionerDea,DEA # -> ssn,true
R059,epsdt,epsdtStatus|epsdtDate,header context aligns with epsdtStatus semantics,header context aligns with epsdtDate semantics,50,EPSDT -> epsdtStatus,EPSDT -> epsdtDate,true
R060,group npi  2,groupPracticeLocationNpi|groupNpi,header context aligns with groupPracticeLocationNpi semantics,header context aligns with groupNpi semantics,50,Group NPI # 2 -> groupPracticeLocationNpi,Group NPI # 2 -> groupNpi,true
R061,license expir date 1,stateLicenseExpirationDate|providerLicenseState,header context aligns with stateLicenseExpirationDate semantics,header context aligns with providerLicenseState semantics,50,License Expir Date 1 -> stateLicenseExpirationDate,License Expir Date 1 -> providerLicenseState,true
R062,next cred date,nextCredentialingDate|cliaCertificateExpirationDate,header context aligns with nextCredentialingDate semantics,header context aligns with cliaCertificateExpirationDate semantics,50,Next Cred Date -> nextCredentialingDate,Next Cred Date -> cliaCertificateExpirationDate,true
R063,practice street address.1,groupPracticeLocationAddressLine2|groupLocationAddressLine1,header context aligns with groupPracticeLocationAddressLine2 semantics,header context aligns with groupLocationAddressLine1 semantics,50,Practice Street Address.1 -> groupPracticeLocationAddressLine2,Practice Street Address.1 -> groupLocationAddressLine1,true
R064,primary practice phone,groupPracticeLocationPhone|groupLocationAddressLine1,header context aligns with groupPracticeLocationPhone semantics,header context aligns with groupLocationAddressLine1 semantics,50,Primary Practice Phone -> groupPracticeLocationPhone,Primary Practice Phone -> groupLocationAddressLine1,true
R065,taxonomy 2,practitionerTaxonomy|groupSpecialtyTaxonomy,practitioner roster context; address/phone maps to group practice location,billing/contractee context only,50,Taxonomy 2 -> practitionerTaxonomy,Taxonomy 2 -> groupSpecialtyTaxonomy,true
R066,hours of operation,practitionerOpenTimeMon|officeHours,header context aligns with practitionerOpenTimeMon semantics,header context aligns with officeHours semantics,50,HOURS OF OPERATION -> practitionerOpenTimeMon,HOURS OF OPERATION -> officeHours,true
R067,ma,medicaidId|udfStateMaxPanel,header context aligns with medicaidId semantics,header context aligns with udfStateMaxPanel semantics,50,MA # -> medicaidId,MA # -> udfStateMaxPanel,true
R068,md lic,stateLicenseNumber|udfStateMaxPanel,header context aligns with stateLicenseNumber semantics,header context aligns with udfStateMaxPanel semantics,50,MD LIC # -> stateLicenseNumber,MD LIC # -> udfStateMaxPanel,true
R069,md lic issue date,initialCredentialingDate|practitionerPrimarySpecialtyBoardCertificationIssueDate,header context aligns with initialCredentialingDate semantics,header context aligns with practitionerPrimarySpecialtyBoardCertificationIssueDate semantics,50,MD LIC Issue Date -> initialCredentialingDate,MD LIC Issue Date -> practitionerPrimarySpecialtyBoardCertificationIssueDate,true
R070,phone number,groupPracticeLocationPhone|acceptingMaximumPatientAge,header context aligns with groupPracticeLocationPhone semantics,header context aligns with acceptingMaximumPatientAge semantics,50,Phone Number -> groupPracticeLocationPhone,Phone Number -> acceptingMaximumPatientAge,true
R071,primary practice location,groupPracticeLocationAddressLine1|groupPracticeLocationPrimaryPracticeLimitation,header context aligns with groupPracticeLocationAddressLine1 semantics,header context aligns with groupPracticeLocationPrimaryPracticeLimitation semantics,50,PRIMARY PRACTICE LOCATION -> groupPracticeLocationAddressLine1,PRIMARY PRACTICE LOCATION -> groupPracticeLocationPrimaryPracticeLimitation,true
R072,reappointment date,lastCredentialingDate|groupPracticeLocationAppointmentPhone,header context aligns with lastCredentialingDate semantics,header context aligns with groupPracticeLocationAppointmentPhone semantics,50,ReAppointment Date -> lastCredentialingDate,ReAppointment Date -> groupPracticeLocationAppointmentPhone,true
R073,state,groupPracticeLocationState|epsdtState,header context aligns with groupPracticeLocationState semantics,header context aligns with epsdtState semantics,50,STATE -> groupPracticeLocationState,STATE -> epsdtState,true
R074,status,practitionerPrimaryHospitalAffiliationStatus|contractStatus,header context aligns with practitionerPrimaryHospitalAffiliationStatus semantics,header context aligns with contractStatus semantics,50,Status -> practitionerPrimaryHospitalAffiliationStatus,Status -> contractStatus,true
R075,tax id,groupTin|acceptingMaximumPatientAge,header context aligns with groupTin semantics,header context aligns with acceptingMaximumPatientAge semantics,50,TAX ID# -> groupTin,TAX ID# -> acceptingMaximumPatientAge,true
R076,title,providerType|title,header context aligns with providerType semantics,header context aligns with title semantics,50,TITLE -> providerType,TITLE -> title,true
R077,year,educationFromDate|primarySpecialtyIssueYear,header context aligns with educationFromDate semantics,header context aligns with primarySpecialtyIssueYear semantics,50,YEAR -> educationFromDate,YEAR -> primarySpecialtyIssueYear,true
R078,zip code,groupPracticeLocationZip|groupLocationZip,header context aligns with groupPracticeLocationZip semantics,header context aligns with groupLocationZip semantics,50,ZIP CODE -> groupPracticeLocationZip,ZIP CODE -> groupLocationZip,true
R079,action/ effective date / change or term reason,pdmTransactionTypeEventDate|practitionerLocationChangeEffectiveDate,header context aligns with pdmTransactionTypeEventDate semantics,header context aligns with practitionerLocationChangeEffectiveDate semantics,50,ACTION/ EFFECTIVE DATE / CHANGE OR TERM REASON -> pdmTransactionTypeEventDate,ACTION/ EFFECTIVE DATE / CHANGE OR TERM REASON -> practitionerLocationChangeEffectiveDate,true
R080,billing fax,groupBillingLocationFax|billingGroupName,billing keyword present in header,no billing keyword; defaults to practice location,50,Billing Fax -> groupBillingLocationFax,Billing Fax -> billingGroupName,true
R081,billing zip code,groupBillingLocationZipcode|billingGroupName,billing keyword present in header,no billing keyword; defaults to practice location,50,Billing Zip Code -> groupBillingLocationZipcode,Billing Zip Code -> billingGroupName,true
R082,board name 1,practitionerPrimarySpecialtyBoardCertificationName|practitionerPrimarySpecialtyBoardCertificationExpirationDate,header context aligns with practitionerPrimarySpecialtyBoardCertificationName semantics,header context aligns with practitionerPrimarySpecialtyBoardCertificationExpirationDate semantics,50,Board Name 1 -> practitionerPrimarySpecialtyBoardCertificationName,Board Name 1 -> practitionerPrimarySpecialtyBoardCertificationExpirationDate,true
R083,caqh,practitionerCaqhId|practitionerCaqhAttestationDate,header context aligns with practitionerCaqhId semantics,header context aligns with practitionerCaqhAttestationDate semantics,50,CAQH -> practitionerCaqhId,CAQH -> practitionerCaqhAttestationDate,true
R084,county,groupPracticeLocationCounty|groupBillingCounty,billing keyword present in header,no billing keyword; defaults to practice location,50,County -> groupPracticeLocationCounty,County -> groupBillingCounty,true
R085,dba practice name,groupDba|groupLocationAddressLine1,header context aligns with groupDba semantics,header context aligns with groupLocationAddressLine1 semantics,50,DBA Practice Name -> groupDba,DBA Practice Name -> groupLocationAddressLine1,true
R086,dea license 1,practitionerDea|providerLicenseState,header context aligns with practitionerDea semantics,header context aligns with providerLicenseState semantics,50,DEA License 1 -> practitionerDea,DEA License 1 -> providerLicenseState,true
R087,eff date,groupPractitionerEffectiveDate|cliaCertificateExpirationDate,practitioner roster context; address/phone maps to group practice location,billing/contractee context only,50,EFF DATE -> groupPractitionerEffectiveDate,EFF DATE -> cliaCertificateExpirationDate,true
R088,foreign language,practitionerLanguage|practitionerAdditionalLanguage,header context aligns with practitionerLanguage semantics,header context aligns with practitionerAdditionalLanguage semantics,50,Foreign Language -> practitionerLanguage,Foreign Language -> practitionerAdditionalLanguage,true
R089,gender restrictions,practitionerLocationGenderAccepted|gender,header context aligns with practitionerLocationGenderAccepted semantics,header context aligns with gender semantics,50,Gender Restrictions -> practitionerLocationGenderAccepted,Gender Restrictions -> gender,true
R090,hospital based?   y/n,practitionerRole|isHospitalBased,header context aligns with practitionerRole semantics,header context aligns with isHospitalBased semantics,50,Hospital Based?   Y/N -> practitionerRole,Hospital Based?   Y/N -> isHospitalBased,true
R091,last cred date,lastCredentialingDate|cliaCertificateExpirationDate,header context aligns with lastCredentialingDate semantics,header context aligns with cliaCertificateExpirationDate semantics,50,Last Cred Date -> lastCredentialingDate,Last Cred Date -> cliaCertificateExpirationDate,true
R092,liability coverage amts,practitionerMalpracticeAggregateCoverageAmount|locationCallCoveragePhone,header context aligns with practitionerMalpracticeAggregateCoverageAmount semantics,header context aligns with locationCallCoveragePhone semantics,50,Liability Coverage Amts -> practitionerMalpracticeAggregateCoverageAmount,Liability Coverage Amts -> locationCallCoveragePhone,true
R093,liability effective date,practitionerMalpracticeEffectiveDate|contractEffectiveDate,header context aligns with practitionerMalpracticeEffectiveDate semantics,header context aligns with contractEffectiveDate semantics,50,Liability Effective Date -> practitionerMalpracticeEffectiveDate,Liability Effective Date -> contractEffectiveDate,true
R094,mailing  zip code,groupRemittanceZip|groupLocationZip,header context aligns with groupRemittanceZip semantics,header context aligns with groupLocationZip semantics,50,Mailing  Zip Code -> groupRemittanceZip,Mailing  Zip Code -> groupLocationZip,true
R095,mailing city,groupRemittanceCity|groupBillingCity,billing keyword present in header,no billing keyword; defaults to practice location,50,Mailing City -> groupRemittanceCity,Mailing City -> groupBillingCity,true
R096,mailing state,groupRemittanceState|epsdtState,header context aligns with groupRemittanceState semantics,header context aligns with epsdtState semantics,50,Mailing State -> groupRemittanceState,Mailing State -> epsdtState,true
R097,mailingstreet address,groupRemittanceAddressLine1|billingGroupName,billing keyword present in header,no billing keyword; defaults to practice location,50,MailingStreet Address -> groupRemittanceAddressLine1,MailingStreet Address -> billingGroupName,true
R098,pcp spc,practitionerRole|pcp,header context aligns with practitionerRole semantics,header context aligns with pcp semantics,50,PCP SPC -> practitionerRole,PCP SPC -> pcp,true
R099,practice city,groupPracticeLocationCity|groupLocationAddressLine1,header context aligns with groupPracticeLocationCity semantics,header context aligns with groupLocationAddressLine1 semantics,50,Practice City -> groupPracticeLocationCity,Practice City -> groupLocationAddressLine1,true
R100,practice fax,groupPracticeLocationFax|groupLocationAddressLine1,header context aligns with groupPracticeLocationFax semantics,header context aligns with groupLocationAddressLine1 semantics,50,Practice Fax -> groupPracticeLocationFax,Practice Fax -> groupLocationAddressLine1,true
R101,practice state,groupPracticeLocationState|groupLocationAddressLine1,header context aligns with groupPracticeLocationState semantics,header context aligns with groupLocationAddressLine1 semantics,50,Practice State -> groupPracticeLocationState,Practice State -> groupLocationAddressLine1,true
R102,practice street address,groupPracticeLocationAddressLine1|groupLocationAddressLine1,header context aligns with groupPracticeLocationAddressLine1 semantics,header context aligns with groupLocationAddressLine1 semantics,50,Practice Street Address -> groupPracticeLocationAddressLine1,Practice Street Address -> groupLocationAddressLine1,true
R103,practice zip code,groupPracticeLocationZip|groupLocationAddressLine1,header context aligns with groupPracticeLocationZip semantics,header context aligns with groupLocationAddressLine1 semantics,50,Practice Zip Code -> groupPracticeLocationZip,Practice Zip Code -> groupLocationAddressLine1,true
R104,primary location,groupPractitionerLocationType|acceptingMaximumPatientAge,practitioner roster context; address/phone maps to group practice location,billing/contractee context only,50,Primary Location -> groupPractitionerLocationType,Primary Location -> acceptingMaximumPatientAge,true
R105,primary practice hours,officeHours|groupLocationAddressLine1,header context aligns with officeHours semantics,header context aligns with groupLocationAddressLine1 semantics,50,Primary Practice Hours -> officeHours,Primary Practice Hours -> groupLocationAddressLine1,true
R106,supervising physician's specialty for np/pa,supervisingProviderType|supervisingPractitionerFirstName,header context aligns with supervisingProviderType semantics,header context aligns with supervisingPractitionerFirstName semantics,50,Supervising Physician's Specialty for NP/PA -> supervisingProviderType,Supervising Physician's Specialty for NP/PA -> supervisingPractitionerFirstName,true
R107,type 2 npi,groupNpi|actionType,header context aligns with groupNpi semantics,header context aligns with actionType semantics,50,Type 2 NPI -> groupNpi,Type 2 NPI -> actionType,true
R108,dea expiration,practitionerDeaExpirationDate|cliaCertificateExpirationDate,header context aligns with practitionerDeaExpirationDate semantics,header context aligns with cliaCertificateExpirationDate semantics,50,DEA Expiration -> practitionerDeaExpirationDate,DEA Expiration -> cliaCertificateExpirationDate,true
R109,graduation date mm/yyyy,educationToDate|epsdtDate,header context aligns with educationToDate semantics,header context aligns with epsdtDate semantics,50,Graduation Date mm/yyyy -> educationToDate,Graduation Date mm/yyyy -> epsdtDate,true
R110,mailing address 2,groupRemittanceAddressLine2|billingGroupName,billing keyword present in header,no billing keyword; defaults to practice location,50,Mailing Address 2 -> groupRemittanceAddressLine2,Mailing Address 2 -> billingGroupName,true
R111,practice url,telemedicineURL|groupLocationAddressLine1,header context aligns with telemedicineURL semantics,header context aligns with groupLocationAddressLine1 semantics,50,Practice URL -> telemedicineURL,Practice URL -> groupLocationAddressLine1,true
R112,action|type of change|transaction type,pdmTransactionType|practitionerRole|contracteeLocationType,sample values contain term/add/update/new/terminate — maps to pdmTransactionType,values are MD/DO/NP/PA — that's practitionerRole; values are primary/secondary — that's locationType,95,"Action → pdmTransactionType (when values are 'Term', 'New', 'Add')","Provider Type → pdmTransactionType (values are 'MD', 'DO' — that's practitionerRole)",true
R113,"state code column (2-letter e.g. AL, CA, TX as header)",stateLicenseNumber|stateLicenseIssuingState|skip,column header is exactly a 2-letter US state code AND neighboring columns also have state codes — this is a state license matrix; mark all as skip with note for melt/unpivot transform,header is a state code but values are city names or long text — may be a location column,85,TX (column header in a state license matrix) → skip (needs melt transform),"TX → stateLicenseIssuingState (wrong — it's a column header, not a value)",true
R114,full name|fullname|full_name,firstName|lastName|groupLegalBusinessName,practitioner roster and values look like person names (First Last) — map to firstName but flag as needs split transform,facility roster or values look like organization names — map to facilityName or groupLegalBusinessName,80,Full Name → firstName [needs split transform to extract firstName/lastName],Full Name → groupLegalBusinessName (only if values are org names),true
R115,office languages|languages spoken|languages,practitionerLanguage|groupPracticeLocationLanguage|practitionerPrimaryLanguage,"column refers to languages the practitioner speaks — use practitionerLanguage (multi-value, may need split)",column refers to office/staff languages (not practitioner) — still use practitionerLanguage as no separate office language field exists,78,Office Languages → practitionerLanguage,Office Languages → groupPracticeLocationLanguage (field doesn't exist in schema),true
R116,sc|dc|md|va as standalone header,stateLicenseNumber|skip|middleName,2-letter code in a state license matrix context (neighboring state code columns) → skip (melt needed); if adjacent to license number column → stateLicenseIssuingState,'MD' in practitioner context with degree values like 'Doctor of Medicine' → providerType; 'SC' alone is ambiguous,75,DC → stateLicenseIssuingState (when column contains 'DC' state abbreviation next to license numbers),MD → stateLicenseNumber (incorrect — 'MD' as column header in a degree context means Medical Doctor),true
R117,recred|re-cred|recredentialing date,nextCredentialingDate|lastCredentialingDate|initialCredentialingDate,recred DUE/next/upcoming → nextCredentialingDate; recred last/previous/complete → lastCredentialingDate,initial/first credentialing → initialCredentialingDate,82,Recred Due Date → nextCredentialingDate; Last Recred Date → lastCredentialingDate,Recred Due Date → lastCredentialingDate (wrong direction),true
